フシギダネ,1,1,45,49,49,65,65,45,318,5,8
フシギソウ,2,2,60,62,63,80,80,60,405,5,8
フシギバナ,3,3,80,82,83,100,100,80,525,5,8
メガフシギバナ,3,4,80,100,123,122,120,80,625,5,8
ヒトカゲ,4,5,39,52,43,60,50,65,309,2,0
リザード,5,6,58,64,58,80,65,80,405,2,0
リザードン,6,7,78,84,78,109,85,100,534,2,10
メガリザードンX,6,8,78,130,111,130,85,100,634,2,15
メガリザードンY,6,9,78,104,78,159,115,100,634,2,10
ゼニガメ,7,10,44,48,65,50,64,43,314,3,0
カメール,8,11,59,63,80,65,80,58,405,3,0
カメックス,9,12,79,83,100,85,105,78,530,3,0
メガカメックス,9,13,79,103,120,135,115,78,630,3,0
キャタピー,10,14,45,30,35,20,20,45,195,12,0
トランセル,11,15,50,20,55,25,25,30,205,12,0
バタフリー,12,16,60,45,50,90,80,70,395,12,10
ビードル,13,17,40,35,30,20,20,50,195,12,8
コクーン,14,18,45,25,50,25,25,35,205,12,8
スピアー,15,19,65,90,40,45,80,75,395,12,8
メガスピアー,15,20,65,150,40,15,80,145,495,12,8
ポッポ,16,21,40,45,40,35,35,56,251,1,10
ピジョン,17,22,63,60,55,50,50,71,349,1,10
ピジョット,18,23,83,80,75,70,70,101,479,1,10
メガピジョット,18,24,83,80,80,135,80,121,579,1,10
コラッタ,19,25,30,56,35,25,35,72,253,1,0
コラッタ(アローラのすがた),19,26,30,56,35,25,35,72,253,16,1
ラッタ,20,27,55,81,60,50,70,97,413,1,0
ラッタ(アローラのすがた),20,28,75,71,70,40,80,77,413,16,1
オニスズメ,21,29,40,60,30,31,31,70,262,1,10
オニドリル,22,30,65,90,65,61,61,100,442,1,10
アーボ,23,31,35,60,44,40,54,55,288,8,0
アーボック,24,32,60,95,69,65,79,80,448,8,0
ピカチュウ,25,33,35,55,40,50,50,90,320,4,0
ライチュウ,26,34,60,90,55,90,80,110,485,4,0
ライチュウ(アローラのすがた),26,35,60,85,50,95,85,110,485,4,11
サンド,27,36,50,75,85,20,30,40,300,9,0
サンド(アローラのすがた),27,37,50,75,90,10,35,40,300,6,17
サンドパン,28,38,75,100,110,45,55,65,450,9,0
サンドパン(アローラのすがた),28,39,75,100,120,25,65,65,450,6,17
ニドラン♀,29,40,55,47,52,40,40,41,275,8,0
ニドリーナ,30,41,70,62,67,55,55,56,365,8,0
ニドクイン,31,42,90,92,87,75,85,76,505,8,9
ニドラン♂,32,43,46,57,40,40,40,50,273,8,0
ニドリーノ,33,44,61,72,57,55,55,65,365,8,0
ニドキング,34,45,81,102,77,85,75,85,505,8,9
ピッピ,35,46,70,45,48,60,65,35,323,18,0
ピクシー,36,47,95,70,73,95,90,60,483,18,0
ロコン,37,48,38,41,40,50,65,65,299,2,0
ロコン(アローラのすがた),37,49,38,41,40,50,65,65,299,6,0
キュウコン,38,50,73,76,75,81,100,100,505,2,0
キュウコン(アローラのすがた),38,51,73,67,75,81,100,109,505,6,18
プリン,39,52,115,45,20,45,25,20,270,1,18
プクリン,40,53,140,70,45,85,50,45,435,1,18
ズバット,41,54,40,45,35,30,40,55,245,8,10
ゴルバット,42,55,75,80,70,65,75,90,455,8,10
ナゾノクサ,43,56,45,50,55,75,65,30,320,5,8
クサイハナ,44,57,60,65,70,85,75,40,395,5,8
ラフレシア,45,58,75,80,85,110,90,50,490,5,8
パラス,46,59,35,70,55,45,55,25,285,12,5
パラセクト,47,60,60,95,80,60,80,30,405,12,5
コンパン,48,61,60,55,50,40,55,45,305,12,8
モルフォン,49,62,70,65,60,90,75,90,450,12,8
ディグダ,50,63,10,55,25,35,45,95,265,9,0
ディグダ(アローラのすがた),50,64,10,55,30,35,45,90,265,9,17
ダグトリオ,51,65,35,100,50,50,70,120,425,9,0
ダグトリオ(アローラのすがた),51,66,35,100,60,50,70,110,425,9,17
ニャース,52,67,40,45,35,40,40,90,290,1,0
ニャース(アローラのすがた),52,68,40,35,35,50,40,90,290,16,0
ペルシアン,53,69,65,70,60,65,65,115,440,1,0
ペルシアン(アローラのすがた),53,70,65,60,60,75,65,115,440,16,0
コダック,54,71,50,52,48,65,50,55,320,3,0
ゴルダック,55,72,80,82,78,95,80,85,500,3,0
マンキー,56,73,40,80,35,35,45,70,305,7,0
オコリザル,57,74,65,105,60,60,70,95,455,7,0
ガーディ,58,75,55,70,45,70,50,60,350,2,0
ウインディ,59,76,90,110,80,100,80,95,555,2,0
ニョロモ,60,77,40,50,40,40,40,90,300,3,0
ニョロゾ,61,78,65,65,65,50,50,90,385,3,0
ニョロボン,62,79,90,95,95,70,90,70,510,3,7
ケーシィ,63,80,25,20,15,105,55,90,310,11,0
ユンゲラー,64,81,40,35,30,120,70,105,400,11,0
フーディン,65,82,55,50,45,135,95,120,500,11,0
メガフーディン,65,83,55,50,65,175,105,150,600,11,0
ワンリキー,66,84,70,80,50,35,35,35,305,7,0
ゴーリキー,67,85,80,100,70,50,60,45,405,7,0
カイリキー,68,86,90,130,80,65,85,55,505,7,0
マダツボミ,69,87,50,75,35,70,30,40,300,5,8
ウツドン,70,88,65,90,50,85,45,55,390,5,8
ウツボット,71,89,80,105,65,100,70,70,490,5,8
メノクラゲ,72,90,40,40,35,50,100,70,335,3,8
ドククラゲ,73,91,80,70,65,80,120,100,515,3,8
イシツブテ,74,92,40,80,100,30,30,20,300,13,9
イシツブテ(アローラのすがた),74,93,40,80,100,30,30,20,300,13,4
ゴローン,75,94,55,95,115,45,45,35,390,13,9
ゴローン(アローラのすがた),75,95,55,95,115,45,45,35,390,13,4
ゴローニャ,76,96,80,120,130,55,65,45,495,13,9
ゴローニャ(アローラのすがた),76,97,80,120,130,55,65,45,495,13,4
ポニータ,77,98,50,85,55,65,65,90,410,2,0
ギャロップ,78,99,65,100,70,80,80,105,500,2,0
ヤドン,79,100,90,65,65,40,40,15,315,3,11
ヤドラン,80,101,95,75,110,100,80,30,490,3,11
メガヤドラン,80,102,95,75,180,130,80,30,590,3,11
コイル,81,103,25,35,70,95,55,45,325,4,17
レアコイル,82,104,50,60,95,120,70,70,465,4,17
カモネギ,83,105,52,90,55,58,62,60,377,1,10
ドードー,84,106,35,85,45,35,35,75,310,1,10
ドードリオ,85,107,60,110,70,60,60,110,470,1,10
パウワウ,86,108,65,45,55,45,70,45,325,3,0
ジュゴン,87,109,90,70,80,70,95,70,475,3,6
ベトベター,88,110,80,80,50,40,50,25,325,8,0
ベトベター(アローラのすがた),88,111,80,80,50,40,50,25,325,8,16
ベトベトン,89,112,105,105,75,65,100,50,500,8,0
ベトベトン(アローラのすがた),89,113,105,105,75,65,100,50,500,8,16
シェルダー,90,114,30,65,100,45,25,40,305,3,0
パルシェン,91,115,50,95,180,85,45,70,525,3,6
ゴース,92,116,30,35,30,100,35,80,310,14,8
ゴースト,93,117,45,50,45,115,55,95,405,14,8
ゲンガー,94,118,60,65,60,130,75,110,500,14,8
メガゲンガー,94,119,60,65,80,170,95,130,600,14,8
イワーク,95,120,35,45,160,30,45,70,385,13,9
スリープ,96,121,60,48,45,43,90,42,328,11,0
スリーパー,97,122,85,73,70,73,115,67,483,11,0
クラブ,98,123,30,105,90,25,25,50,325,3,0
キングラー,99,124,55,130,115,50,50,75,475,3,0
ビリリダマ,100,125,40,30,50,55,55,100,330,4,0
マルマイン,101,126,60,50,70,80,80,150,490,4,0
タマタマ,102,127,60,40,80,60,45,40,325,5,11
ナッシー,103,128,95,95,85,125,75,55,530,5,11
ナッシー(アローラのすがた),103,129,95,105,85,125,75,45,530,5,15
カラカラ,104,130,50,50,95,40,50,35,320,9,0
ガラガラ,105,131,60,80,110,50,80,45,425,9,0
ガラガラ(アローラのすがた),105,132,60,80,110,50,80,45,425,2,14
サワムラー,106,133,50,120,53,35,110,87,455,7,0
エビワラー,107,134,50,105,79,35,110,76,455,7,0
ベロリンガ,108,135,90,55,75,60,75,30,385,1,0
ドガース,109,136,40,65,95,60,45,35,340,8,0
マタドガス,110,137,65,90,120,85,70,60,490,8,0
サイホーン,111,138,80,85,95,30,30,25,345,9,13
サイドン,112,139,105,130,120,45,45,40,485,9,13
ラッキー,113,140,250,5,5,35,105,50,450,1,0
モンジャラ,114,141,65,55,115,100,40,60,435,5,0
ガルーラ,115,142,105,95,80,40,80,90,490,1,0
メガガルーラ,115,143,105,125,100,60,100,100,590,1,0
タッツー,116,144,30,40,70,70,25,60,295,3,0
シードラ,117,145,55,65,95,95,45,85,440,3,0
トサキント,118,146,45,67,60,35,50,63,320,3,0
アズマオウ,119,147,80,92,65,65,80,68,450,3,0
ヒトデマン,120,148,30,45,55,70,55,85,340,3,0
スターミー,121,149,60,75,85,100,85,115,520,3,11
バリヤード,122,150,40,45,65,100,120,90,460,11,18
ストライク,123,151,70,110,80,55,80,105,500,12,10
ルージュラ,124,152,65,50,35,115,95,95,455,6,11
エレブー,125,153,65,83,57,95,85,105,490,4,0
ブーバー,126,154,65,95,57,100,85,93,495,2,0
カイロス,127,155,65,125,100,55,70,85,500,12,0
メガカイロス,127,156,65,155,120,65,90,105,600,12,10
ケンタロス,128,157,75,100,95,40,70,110,490,1,0
コイキング,129,158,20,10,55,15,20,80,200,3,0
ギャラドス,130,159,95,125,79,60,100,81,540,3,10
メガギャラドス,130,160,95,155,109,70,130,81,640,3,16
ラプラス,131,161,130,85,80,85,95,60,535,3,6
メタモン,132,162,48,48,48,48,48,48,288,1,0
イーブイ,133,163,55,55,50,45,65,55,325,1,0
シャワーズ,134,164,130,65,60,110,95,65,525,3,0
サンダース,135,165,65,65,60,110,95,130,525,4,0
ブースター,136,166,65,130,60,95,110,65,525,2,0
ポリゴン,137,167,65,60,70,85,75,40,395,1,0
オムナイト,138,168,35,40,100,90,55,35,355,13,3
オムスター,139,169,70,60,125,115,70,55,495,13,3
カブト,140,170,30,80,90,55,45,55,355,13,3
カブトプス,141,171,60,115,105,65,70,80,495,13,3
プテラ,142,172,80,105,65,60,75,130,515,13,10
メガプテラ,142,173,80,135,85,70,95,150,615,13,10
カビゴン,143,174,160,110,65,65,110,30,540,1,0
フリーザー,144,175,90,85,100,95,125,85,580,6,10
サンダー,145,176,90,90,85,125,90,100,580,4,10
ファイヤー,146,177,90,100,90,125,85,90,580,2,10
ミニリュウ,147,178,41,64,45,50,50,50,300,15,0
ハクリュー,148,179,61,84,65,70,70,70,420,15,0
カイリュー,149,180,91,134,95,100,100,80,600,15,10
ミュウツー,150,181,106,110,90,154,90,130,680,11,0
メガミュウツーX,150,182,106,190,100,154,100,130,780,11,7
メガミュウツーY,150,183,106,150,70,194,120,140,780,11,0
ミュウ,151,184,100,100,100,100,100,100,600,11,0
チコリータ,152,185,45,49,65,49,65,45,318,5,0
ベイリーフ,153,186,60,62,80,63,80,60,405,5,0
メガニウム,154,187,80,82,100,83,100,80,525,5,0
ヒノアラシ,155,188,39,52,43,60,50,65,309,2,0
マグマラシ,156,189,58,64,58,80,65,80,405,2,0
バクフーン,157,190,78,84,78,109,85,100,534,2,0
ワニノコ,158,191,50,65,64,44,48,43,314,3,0
アリゲイツ,159,192,65,80,80,59,63,58,405,3,0
オーダイル,160,193,85,105,100,79,83,78,530,3,0
オタチ,161,194,35,46,34,35,45,20,215,1,0
オオタチ,162,195,85,76,64,45,55,90,415,1,0
ホーホー,163,196,60,30,30,36,56,50,262,1,10
ヨルノズク,164,197,100,50,50,86,96,70,452,1,10
レディバ,165,198,40,20,30,40,80,55,265,12,10
レディアン,166,199,55,35,50,55,110,85,390,12,10
イトマル,167,200,40,60,40,40,40,30,250,12,8
アリアドス,168,201,70,90,70,60,70,40,400,12,8
クロバット,169,202,85,90,80,70,80,130,535,8,10
チョンチー,170,203,75,38,38,56,56,67,330,3,4
ランターン,171,204,125,58,58,76,76,67,460,3,4
ピチュー,172,205,20,40,15,35,35,60,205,4,0
ピィ,173,206,50,25,28,45,55,15,218,18,0
ププリン,174,207,90,30,15,40,20,15,210,1,18
トゲピー,175,208,35,20,65,40,65,20,245,18,0
トゲチック,176,209,55,40,85,80,105,40,405,18,10
ネイティ,177,210,40,50,45,70,45,70,320,11,10
ネイティオ,178,211,65,75,70,95,70,95,470,11,10
メリープ,179,212,55,40,40,65,45,35,280,4,0
モココ,180,213,70,55,55,80,60,45,365,4,0
デンリュウ,181,214,90,75,85,115,90,55,510,4,0
メガデンリュウ,181,215,90,95,105,165,110,45,610,4,15
キレイハナ,182,216,75,80,95,90,100,50,490,5,0
マリル,183,217,70,20,50,20,50,40,250,3,18
マリルリ,184,218,100,50,80,60,80,50,420,3,18
ウソッキー,185,219,70,100,115,30,65,30,410,13,0
ニョロトノ,186,220,90,75,75,90,100,70,500,3,0
ハネッコ,187,221,35,35,40,35,55,50,250,5,10
ポポッコ,188,222,55,45,50,45,65,80,340,5,10
ワタッコ,189,223,75,55,70,55,95,110,460,5,10
エイパム,190,224,55,70,55,40,55,85,360,1,0
ヒマナッツ,191,225,30,30,30,30,30,30,180,5,0
キマワリ,192,226,75,75,55,105,85,30,425,5,0
ヤンヤンマ,193,227,65,65,45,75,45,95,390,12,10
ウパー,194,228,55,45,45,25,25,15,210,3,9
ヌオー,195,229,95,85,85,65,65,35,430,3,9
エーフィ,196,230,65,65,60,130,95,110,525,11,0
ブラッキー,197,231,95,65,110,60,130,65,525,16,0
ヤミカラス,198,232,60,85,42,85,42,91,405,16,10
ヤドキング,199,233,95,75,80,100,110,30,490,3,11
ムウマ,200,234,60,60,60,85,85,85,435,14,0
アンノーン,201,235,48,72,48,72,48,48,336,11,0
ソーナンス,202,236,190,33,58,33,58,33,405,11,0
キリンリキ,203,237,70,80,65,90,65,85,455,1,11
クヌギダマ,204,238,50,65,90,35,35,15,290,12,0
フォレトス,205,239,75,90,140,60,60,40,465,12,17
ノコッチ,206,240,100,70,70,65,65,45,415,1,0
グライガー,207,241,65,75,105,35,65,85,430,9,10
ハガネール,208,242,75,85,200,55,65,30,510,17,9
メガハガネール,208,243,75,125,230,55,95,30,610,17,9
ブルー,209,244,60,80,50,40,40,30,300,18,0
グランブル,210,245,90,120,75,60,60,45,450,18,0
ハリーセン,211,246,65,95,85,55,55,85,440,3,8
ハッサム,212,247,70,130,100,55,80,65,500,12,17
メガハッサム,212,248,70,150,140,65,100,75,600,12,17
ツボツボ,213,249,20,10,230,10,230,5,505,12,13
ヘラクロス,214,250,80,125,75,40,95,85,500,12,7
メガヘラクロス,214,251,80,185,115,40,105,75,600,12,7
ニューラ,215,252,55,95,55,35,75,115,430,16,6
ヒメグマ,216,253,60,80,50,50,50,40,330,1,0
リングマ,217,254,90,130,75,75,75,55,500,1,0
マグマッグ,218,255,40,40,40,70,40,20,250,2,0
マグカルゴ,219,256,60,50,120,90,80,30,430,2,13
ウリムー,220,257,50,50,40,30,30,50,250,6,9
イノムー,221,258,100,100,80,60,60,50,450,6,9
サニーゴ,222,259,65,55,95,65,95,35,410,3,13
テッポウオ,223,260,35,65,35,65,35,65,300,3,0
オクタン,224,261,75,105,75,105,75,45,480,3,0
デリバード,225,262,45,55,45,65,45,75,330,6,10
マンタイン,226,263,85,40,70,80,140,70,485,3,10
エアームド,227,264,65,80,140,40,70,70,465,17,10
デルビル,228,265,45,60,30,80,50,65,330,16,2
ヘルガー,229,266,75,90,50,110,80,95,500,16,2
メガヘルガー,229,267,75,90,90,140,90,115,600,16,2
キングドラ,230,268,75,95,95,95,95,85,540,3,15
ゴマゾウ,231,269,90,60,60,40,40,40,330,9,0
ドンファン,232,270,90,120,120,60,60,50,500,9,0
ポリゴン2,233,271,85,80,90,105,95,60,515,1,0
オドシシ,234,272,73,95,62,85,65,85,465,1,0
ドーブル,235,273,55,20,35,20,45,75,250,1,0
バルキー,236,274,35,35,35,35,35,35,210,7,0
カポエラー,237,275,50,95,95,35,110,70,455,7,0
ムチュール,238,276,45,30,15,85,65,65,305,6,11
エレキッド,239,277,45,63,37,65,55,95,360,4,0
ブビィ,240,278,45,75,37,70,55,83,365,2,0
ミルタンク,241,279,95,80,105,40,70,100,490,1,0
ハピナス,242,280,255,10,10,75,135,55,540,1,0
ライコウ,243,281,90,85,75,115,100,115,580,4,0
エンテイ,244,282,115,115,85,90,75,100,580,2,0
スイクン,245,283,100,75,115,90,115,85,580,3,0
ヨーギラス,246,284,50,64,50,45,50,41,300,13,9
サナギラス,247,285,70,84,70,65,70,51,410,13,9
バンギラス,248,286,100,134,110,95,100,61,600,13,16
メガバンギラス,248,287,100,164,150,95,120,71,700,13,16
ルギア,249,288,106,90,130,90,154,110,680,11,10
ホウオウ,250,289,106,130,90,110,154,90,680,2,10
セレビィ,251,290,100,100,100,100,100,100,600,11,5
キモリ,252,291,40,45,35,65,55,70,310,5,0
ジュプトル,253,292,50,65,45,85,65,95,405,5,0
ジュカイン,254,293,70,85,65,105,85,120,530,5,0
メガジュカイン,254,294,70,110,75,145,85,145,630,5,15
アチャモ,255,295,45,60,40,70,50,45,310,2,0
ワカシャモ,256,296,60,85,60,85,60,55,405,2,7
バシャーモ,257,297,80,120,70,110,70,80,530,2,7
メガバシャーモ,257,298,80,160,80,130,80,100,630,2,7
ミズゴロウ,258,299,50,70,50,50,50,40,310,3,0
ヌマクロー,259,300,70,85,70,60,70,50,405,3,9
ラグラージ,260,301,100,110,90,85,90,60,535,3,9
メガラグラージ,260,302,100,150,110,95,110,70,635,3,9
ポチエナ,261,303,35,55,35,30,30,35,220,16,0
グラエナ,262,304,70,90,70,60,60,70,420,16,0
ジグザグマ,263,305,38,30,41,30,41,60,240,1,0
マッスグマ,264,306,78,70,61,50,61,100,420,1,0
ケムッソ,265,307,45,45,35,20,30,20,195,12,0
カラサリス,266,308,50,35,55,25,25,15,205,12,0
アゲハント,267,309,60,70,50,100,50,65,395,12,10
マユルド,268,310,50,35,55,25,25,15,205,12,0
ドクケイル,269,311,60,50,70,50,90,65,385,12,8
ハスボー,270,312,40,30,30,40,50,30,220,3,5
ハスブレロ,271,313,60,50,50,60,70,50,340,3,5
ルンパッパ,272,314,80,70,70,90,100,70,480,3,5
タネボー,273,315,40,40,50,30,30,30,220,5,0
コノハナ,274,316,70,70,40,60,40,60,340,5,16
ダーテング,275,317,90,100,60,90,60,80,480,5,16
スバメ,276,318,40,55,30,30,30,85,270,1,10
オオスバメ,277,319,60,85,60,75,50,125,455,1,10
キャモメ,278,320,40,30,30,55,30,85,270,3,10
ペリッパー,279,321,60,50,100,95,70,65,440,3,10
ラルトス,280,322,28,25,25,45,35,40,198,11,18
キルリア,281,323,38,35,35,65,55,50,278,11,18
サーナイト,282,324,68,65,65,125,115,80,518,11,18
メガサーナイト,282,325,68,85,65,165,135,100,618,11,18
アメタマ,283,326,40,30,32,50,52,65,269,12,3
アメモース,284,327,70,60,62,100,82,80,454,12,10
キノココ,285,328,60,40,60,40,60,35,295,5,0
キノガッサ,286,329,60,130,80,60,60,70,460,5,7
ナマケロ,287,330,60,60,60,35,35,30,280,1,0
ヤルキモノ,288,331,80,80,80,55,55,90,440,1,0
ケッキング,289,332,150,160,100,95,65,100,670,1,0
ツチニン,290,333,31,45,90,30,30,40,266,12,9
テッカニン,291,334,61,90,45,50,50,160,456,12,10
ヌケニン,292,335,1,90,45,30,30,40,236,12,14
ゴニョニョ,293,336,64,51,23,51,23,28,240,1,0
ドゴーム,294,337,84,71,43,71,43,48,360,1,0
バクオング,295,338,104,91,63,91,73,68,490,1,0
マクノシタ,296,339,72,60,30,20,30,25,237,7,0
ハリテヤマ,297,340,144,120,60,40,60,50,474,7,0
ルリリ,298,341,50,20,40,20,40,20,190,1,18
ノズパス,299,342,30,45,135,45,90,30,375,13,0
エネコ,300,343,50,45,45,35,35,50,260,1,0
エネコロロ,301,344,70,65,65,55,55,90,400,1,0
ヤミラミ,302,345,50,75,75,65,65,50,380,16,14
メガヤミラミ,302,346,50,85,125,85,115,20,480,16,14
クチート,303,347,50,85,85,55,55,50,380,17,18
メガクチート,303,348,50,105,125,55,95,50,480,17,18
ココドラ,304,349,50,70,100,40,40,30,330,17,13
コドラ,305,350,60,90,140,50,50,40,430,17,13
ボスゴドラ,306,351,70,110,180,60,60,50,530,17,13
メガボスゴドラ,306,352,70,140,230,60,80,50,630,17,0
アサナン,307,353,30,40,55,40,55,60,280,7,11
チャーレム,308,354,60,60,75,60,75,80,410,7,11
メガチャーレム,308,355,60,100,85,80,85,100,510,7,11
ラクライ,309,356,40,45,40,65,40,65,295,4,0
ライボルト,310,357,70,75,60,105,60,105,475,4,0
メガライボルト,310,358,70,75,80,135,80,135,575,4,0
プラスル,311,359,60,50,40,85,75,95,405,4,0
マイナン,312,360,60,40,50,75,85,95,405,4,0
バルビート,313,361,65,73,75,47,85,85,430,12,0
イルミーゼ,314,362,65,47,75,73,85,85,430,12,0
ロゼリア,315,363,50,60,45,100,80,65,400,5,8
ゴクリン,316,364,70,43,53,43,53,40,302,8,0
マルノーム,317,365,100,73,83,73,83,55,467,8,0
キバニア,318,366,45,90,20,65,20,65,305,3,16
サメハダー,319,367,70,120,40,95,40,95,460,3,16
メガサメハダー,319,368,70,140,70,110,65,105,560,3,16
ホエルコ,320,369,130,70,35,70,35,60,400,3,0
ホエルオー,321,370,170,90,45,90,45,60,500,3,0
ドンメル,322,371,60,60,40,65,45,35,305,2,9
バクーダ,323,372,70,100,70,105,75,40,460,2,9
メガバクーダ,323,373,70,120,100,145,105,20,560,2,9
コータス,324,374,70,85,140,85,70,20,470,2,0
バネブー,325,375,60,25,35,70,80,60,330,11,0
ブーピッグ,326,376,80,45,65,90,110,80,470,11,0
パッチール,327,377,60,60,60,60,60,60,360,1,0
ナックラー,328,378,45,100,45,45,45,10,290,9,0
ビブラーバ,329,379,50,70,50,50,50,70,340,9,15
フライゴン,330,380,80,100,80,80,80,100,520,9,15
サボネア,331,381,50,85,40,85,40,35,335,5,0
ノクタス,332,382,70,115,60,115,60,55,475,5,16
チルット,333,383,45,40,60,40,75,50,310,1,10
チルタリス,334,384,75,70,90,70,105,80,490,15,10
メガチルタリス,334,385,75,110,110,110,105,80,590,15,18
ザングース,335,386,73,115,60,60,60,90,458,1,0
ハブネーク,336,387,73,100,60,100,60,65,458,8,0
ルナトーン,337,388,90,55,65,95,85,70,460,13,11
ソルロック,338,389,90,95,85,55,65,70,460,13,11
ドジョッチ,339,390,50,48,43,46,41,60,288,3,9
ナマズン,340,391,110,78,73,76,71,60,468,3,9
ヘイガニ,341,392,43,80,65,50,35,35,308,3,0
シザリガー,342,393,63,120,85,90,55,55,468,3,16
ヤジロン,343,394,40,40,55,40,70,55,300,9,11
ネンドール,344,395,60,70,105,70,120,75,500,9,11
リリーラ,345,396,66,41,77,61,87,23,355,13,5
ユレイドル,346,397,86,81,97,81,107,43,495,13,5
アノプス,347,398,45,95,50,40,50,75,355,13,12
アーマルド,348,399,75,125,100,70,80,45,495,13,12
ヒンバス,349,400,20,15,20,10,55,80,200,3,0
ミロカロス,350,401,95,60,79,100,125,81,540,3,0
ポワルン,351,402,70,70,70,70,70,70,420,1,0
カクレオン,352,403,60,90,70,60,120,40,440,1,0
カゲボウズ,353,404,44,75,35,63,33,45,295,14,0
ジュペッタ,354,405,64,115,65,83,63,65,455,14,0
メガジュペッタ,354,406,64,165,75,93,83,75,555,14,0
ヨマワル,355,407,20,40,90,30,90,25,295,14,0
サマヨール,356,408,40,70,130,60,130,25,455,14,0
トロピウス,357,409,99,68,83,72,87,51,460,5,10
チリーン,358,410,75,50,80,95,90,65,455,11,0
アブソル,359,411,65,130,60,75,60,75,465,16,0
メガアブソル,359,412,65,150,60,115,60,115,565,16,0
ソーナノ,360,413,95,23,48,23,48,23,260,11,0
ユキワラシ,361,414,50,50,50,50,50,50,300,6,0
オニゴーリ,362,415,80,80,80,80,80,80,480,6,0
メガオニゴーリ,362,416,80,120,80,120,80,100,580,6,0
タマザラシ,363,417,70,40,50,55,50,25,290,6,3
トドグラー,364,418,90,60,70,75,70,45,410,6,3
トドゼルガ,365,419,110,80,90,95,90,65,530,6,3
パールル,366,420,35,64,85,74,55,32,345,3,0
ハンテール,367,421,55,104,105,94,75,52,485,3,0
サクラビス,368,422,55,84,105,114,75,52,485,3,0
ジーランス,369,423,100,90,130,45,65,55,485,3,13
ラブカス,370,424,43,30,55,40,65,97,330,3,0
タツベイ,371,425,45,75,60,40,30,50,300,15,0
コモルー,372,426,65,95,100,60,50,50,420,15,0
ボーマンダ,373,427,95,135,80,110,80,100,600,15,10
メガボーマンダ,373,428,95,145,130,120,90,120,700,15,10
ダンバル,374,429,40,55,80,35,60,30,300,17,11
メタング,375,430,60,75,100,55,80,50,420,17,11
メタグロス,376,431,80,135,130,95,90,70,600,17,11
メガメタグロス,376,432,80,145,150,105,110,110,700,17,11
レジロック,377,433,80,100,200,50,100,50,580,13,0
レジアイス,378,434,80,50,100,100,200,50,580,6,0
レジスチル,379,435,80,75,150,75,150,50,580,17,0
ラティアス,380,436,80,80,90,110,130,110,600,15,11
メガラティアス,380,437,80,100,120,140,150,110,700,15,11
ラティオス,381,438,80,90,80,130,110,110,600,15,11
メガラティオス,381,439,80,130,100,160,120,110,700,15,11
カイオーガ,382,440,100,100,90,150,140,90,670,3,0
ゲンシカイオーガ,382,441,100,150,90,180,160,90,770,3,0
グラードン,383,442,100,150,140,100,90,90,670,9,0
ゲンシグラードン,383,443,100,180,160,150,90,90,770,9,2
レックウザ,384,444,105,150,90,150,90,95,680,15,10
メガレックウザ,384,445,105,180,100,180,100,115,780,15,10
ジラーチ,385,446,100,100,100,100,100,100,600,17,11
デオキシス,386,447,50,150,50,150,50,150,600,11,0
デオキシス(アタックフォルム),386,448,50,180,20,180,20,150,600,11,0
デオキシス(ディフェンスフォルム),386,449,50,70,160,70,160,90,600,11,0
デオキシス(スピードフォルム),386,450,50,95,90,95,90,180,600,11,0
ナエトル,387,451,55,68,64,45,55,31,318,5,0
ハヤシガメ,388,452,75,89,85,55,65,36,405,5,0
ドダイトス,389,453,95,109,105,75,85,56,525,5,9
ヒコザル,390,454,44,58,44,58,44,61,309,2,0
モウカザル,391,455,64,78,52,78,52,81,405,2,7
ゴウカザル,392,456,76,104,71,104,71,108,534,2,7
ポッチャマ,393,457,53,51,53,61,56,40,314,3,0
ポッタイシ,394,458,64,66,68,81,76,50,405,3,0
エンペルト,395,459,84,86,88,111,101,60,530,3,17
ムックル,396,460,40,55,30,30,30,60,245,1,10
ムクバード,397,461,55,75,50,40,40,80,340,1,10
ムクホーク,398,462,85,120,70,50,60,100,485,1,10
ビッパ,399,463,59,45,40,35,40,31,250,1,0
ビーダル,400,464,79,85,60,55,60,71,410,1,3
コロボーシ,401,465,37,25,41,25,41,25,194,12,0
コロトック,402,466,77,85,51,55,51,65,384,12,0
コリンク,403,467,45,65,34,40,34,45,263,4,0
ルクシオ,404,468,60,85,49,60,49,60,363,4,0
レントラー,405,469,80,120,79,95,79,70,523,4,0
スボミー,406,470,40,30,35,50,70,55,280,5,8
ロズレイド,407,471,60,70,65,125,105,90,515,5,8
ズガイドス,408,472,67,125,40,30,30,58,350,13,0
ラムパルド,409,473,97,165,60,65,50,58,495,13,0
タテトプス,410,474,30,42,118,42,88,30,350,13,17
トリデプス,411,475,60,52,168,47,138,30,495,13,17
ミノムッチ,412,476,40,29,45,29,45,36,224,12,0
ミノマダム,413,477,60,59,85,79,105,36,424,12,5
ミノマダム(すなちのミノ),413,478,60,79,105,59,85,36,424,12,17
ミノマダム(ゴミのミノ),413,479,60,69,95,69,95,36,424,12,9
ガーメイル,414,480,70,94,50,94,50,66,424,12,10
ミツハニー,415,481,30,30,42,30,42,70,244,12,10
ビークイン,416,482,70,80,102,80,102,40,474,12,10
パチリス,417,483,60,45,70,45,90,95,405,4,0
ブイゼル,418,484,55,65,35,60,30,85,330,3,0
フローゼル,419,485,85,105,55,85,50,115,495,3,0
チェリンボ,420,486,45,35,45,62,53,35,275,5,0
チェリム,421,487,70,60,70,87,78,85,450,5,0
カラナクシ,422,488,76,48,48,57,62,34,325,3,0
トリトドン,423,489,111,83,68,92,82,39,475,3,9
エテボース,424,490,75,100,66,60,66,115,482,1,0
フワンテ,425,491,90,50,34,60,44,70,348,14,10
フワライド,426,492,150,80,44,90,54,80,498,14,10
ミミロル,427,493,55,66,44,44,56,85,350,1,0
ミミロップ,428,494,65,76,84,54,96,105,480,1,0
メガミミロップ,428,495,65,136,94,54,96,135,580,1,7
ムウマージ,429,496,60,60,60,105,105,105,495,14,0
ドンカラス,430,497,100,125,52,105,52,71,505,16,10
ニャルマー,431,498,49,55,42,42,37,85,310,1,0
ブニャット,432,499,71,82,64,64,59,112,452,1,0
リーシャン,433,500,45,30,50,65,50,45,285,11,0
スカンプー,434,501,63,63,47,41,41,74,329,8,16
スカタンク,435,502,103,93,67,71,61,84,479,8,16
ドーミラー,436,503,57,24,86,24,86,23,300,17,11
ドータクン,437,504,67,89,116,79,116,33,500,17,11
ウソハチ,438,505,50,80,95,10,45,10,290,13,0
マネネ,439,506,20,25,45,70,90,60,310,11,18
ピンプク,440,507,100,5,5,15,65,30,220,1,0
ペラップ,441,508,76,65,45,92,42,91,411,1,10
ミカルゲ,442,509,50,92,108,92,108,35,485,14,16
フカマル,443,510,58,70,45,40,45,42,300,15,9
ガバイト,444,511,68,90,65,50,55,82,410,15,9
ガブリアス,445,512,108,130,95,80,85,102,600,15,9
メガガブリアス,445,513,108,170,115,120,95,92,700,15,9
ゴンベ,446,514,135,85,40,40,85,5,390,1,0
リオル,447,515,40,70,40,35,40,60,285,7,0
ルカリオ,448,516,70,110,70,115,70,90,525,7,17
メガルカリオ,448,517,70,145,88,140,70,112,625,7,17
ヒポポタス,449,518,68,72,78,38,42,32,330,9,0
カバルドン,450,519,108,112,118,68,72,47,525,9,0
スコルピ,451,520,40,50,90,30,55,65,330,8,12
ドラピオン,452,521,70,90,110,60,75,95,500,8,16
グレッグル,453,522,48,61,40,61,40,50,300,8,7
ドクロッグ,454,523,83,106,65,86,65,85,490,8,7
マスキッパ,455,524,74,100,72,90,72,46,454,5,0
ケイコウオ,456,525,49,49,56,49,61,66,330,3,0
ネオラント,457,526,69,69,76,69,86,91,460,3,0
タマンタ,458,527,45,20,50,60,120,50,345,3,10
ユキカブリ,459,528,60,62,50,62,60,40,334,5,6
ユキノオー,460,529,90,92,75,92,85,60,494,5,6
メガユキノオー,460,530,90,132,105,132,105,30,594,5,6
マニューラ,461,531,70,120,65,45,85,125,510,16,6
ジバコイル,462,532,70,70,115,130,90,60,535,4,17
ベロベルト,463,533,110,85,95,80,95,50,515,1,0
ドサイドン,464,534,115,140,130,55,55,40,535,9,13
モジャンボ,465,535,100,100,125,110,50,50,535,5,0
エレキブル,466,536,75,123,67,95,85,95,540,4,0
ブーバーン,467,537,75,95,67,125,95,83,540,2,0
トゲキッス,468,538,85,50,95,120,115,80,545,18,10
メガヤンマ,469,539,86,76,86,116,56,95,515,12,10
リーフィア,470,540,65,110,130,60,65,95,525,5,0
グレイシア,471,541,65,60,110,130,95,65,525,6,0
グライオン,472,542,75,95,125,45,75,95,510,9,10
マンムー,473,543,110,130,80,70,60,80,530,6,9
ポリゴンZ,474,544,85,80,70,135,75,90,535,1,0
エルレイド,475,545,68,125,65,65,115,80,518,11,7
メガエルレイド,475,546,68,165,95,65,115,110,618,11,7
ダイノーズ,476,547,60,55,145,75,150,40,525,13,17
ヨノワール,477,548,45,100,135,65,135,45,525,14,0
ユキメノコ,478,549,70,80,70,80,70,110,480,6,14
ロトム,479,550,50,50,77,95,77,91,440,4,14
ロトム(ヒートロトム),479,551,50,65,107,105,107,86,520,4,10
ロトム(ウォッシュロトム),479,552,50,65,107,105,107,86,520,4,2
ロトム(フロストロトム),479,553,50,65,107,105,107,86,520,4,5
ロトム(スピンロトム),479,554,50,65,107,105,107,86,520,4,6
ロトム(カットロトム),479,555,50,65,107,105,107,86,520,4,3
ユクシー,480,556,75,75,130,75,130,95,580,11,0
エムリット,481,557,80,105,105,105,105,80,580,11,0
アグノム,482,558,75,125,70,125,70,115,580,11,0
ディアルガ,483,559,100,120,120,150,100,90,680,17,15
パルキア,484,560,90,120,100,150,120,100,680,3,15
ヒードラン,485,561,91,90,106,130,106,77,600,2,17
レジギガス,486,562,110,160,110,80,110,100,670,1,0
ギラティナ,487,563,150,100,120,100,120,90,680,14,15
ギラティナ(オリジンフォルム),487,564,150,120,100,120,100,90,680,14,15
クレセリア,488,565,120,70,120,75,130,85,600,11,0
フィオネ,489,566,80,80,80,80,80,80,480,3,0
マナフィ,490,567,100,100,100,100,100,100,600,3,0
ダークライ,491,568,70,90,90,135,90,125,600,16,0
シェイミ,492,569,100,100,100,100,100,100,600,5,0
シェイミ(スカイフォルム),492,570,100,103,75,120,75,127,600,5,10
アルセウス,493,571,120,120,120,120,120,120,720,1,0
ビクティニ,494,572,100,100,100,100,100,100,600,11,2
ツタージャ,495,573,45,45,55,45,55,63,308,5,0
ジャノビー,496,574,60,60,75,60,75,83,413,5,0
ジャローダ,497,575,75,75,95,75,95,113,528,5,0
ポカブ,498,576,65,63,45,45,45,45,308,2,0
チャオブー,499,577,90,93,55,70,55,55,418,2,7
エンブオー,500,578,110,123,65,100,65,65,528,2,7
ミジュマル,501,579,55,55,45,63,45,45,308,3,0
フタチマル,502,580,75,75,60,83,60,60,413,3,0
ダイケンキ,503,581,95,100,85,108,70,70,528,3,0
ミネズミ,504,582,45,55,39,35,39,42,255,1,0
ミルホッグ,505,583,60,85,69,60,69,77,420,1,0
ヨーテリー,506,584,45,60,45,25,45,55,275,1,0
ハーデリア,507,585,65,80,65,35,65,60,370,1,0
ムーランド,508,586,85,110,90,45,90,80,500,1,0
チョロネコ,509,587,41,50,37,50,37,66,281,16,0
レパルダス,510,588,64,88,50,88,50,106,446,16,0
ヤナップ,511,589,50,53,48,53,48,64,316,5,0
ヤナッキー,512,590,75,98,63,98,63,101,498,5,0
バオップ,513,591,50,53,48,53,48,64,316,2,0
バオッキー,514,592,75,98,63,98,63,101,498,2,0
ヒヤップ,515,593,50,53,48,53,48,64,316,3,0
ヒヤッキー,516,594,75,98,63,98,63,101,498,3,0
ムンナ,517,595,76,25,45,67,55,24,292,11,0
ムシャーナ,518,596,116,55,85,107,95,29,487,11,0
マメパト,519,597,50,55,50,36,30,43,264,1,10
ハトーボー,520,598,62,77,62,50,42,65,358,1,10
ケンホロウ,521,599,80,115,80,65,55,93,488,1,10
シママ,522,600,45,60,32,50,32,76,295,4,0
ゼブライカ,523,601,75,100,63,80,63,116,497,4,0
ダンゴロ,524,602,55,75,85,25,25,15,280,13,0
ガントル,525,603,70,105,105,50,40,20,390,13,0
ギガイアス,526,604,85,135,130,60,80,25,515,13,0
コロモリ,527,605,65,45,43,55,43,72,323,11,10
ココロモリ,528,606,67,57,55,77,55,114,425,11,10
モグリュー,529,607,60,85,40,30,45,68,328,9,0
ドリュウズ,530,608,110,135,60,50,65,88,508,9,17
タブンネ,531,609,103,60,86,60,86,50,445,1,0
メガタブンネ,531,610,103,60,126,80,126,50,545,1,18
ドッコラー,532,611,75,80,55,25,35,35,305,7,0
ドテッコツ,533,612,85,105,85,40,50,40,405,7,0
ローブシン,534,613,105,140,95,55,65,45,505,7,0
オタマロ,535,614,50,50,40,50,40,64,294,3,0
ガマガル,536,615,75,65,55,65,55,69,384,3,9
ガマゲロゲ,537,616,105,95,75,85,75,74,509,3,9
ナゲキ,538,617,120,100,85,30,85,45,465,7,0
ダゲキ,539,618,75,125,75,30,75,85,465,7,0
クルミル,540,619,45,53,70,40,60,42,310,12,5
クルマユ,541,620,55,63,90,50,80,42,380,12,5
ハハコモリ,542,621,75,103,80,70,80,92,500,12,5
フシデ,543,622,30,45,59,30,39,57,260,12,8
ホイーガ,544,623,40,55,99,40,79,47,360,12,8
ペンドラー,545,624,60,100,89,55,69,112,485,12,8
モンメン,546,625,40,27,60,37,50,66,280,5,18
エルフーン,547,626,60,67,85,77,75,116,480,5,18
チュリネ,548,627,45,35,50,70,50,30,280,5,0
ドレディア,549,628,70,60,75,110,75,90,480,5,0
バスラオ,550,629,70,92,65,80,55,98,460,3,0
バスラオ(あおすじ),551,630,70,92,65,80,55,98,460,3,0
メグロコ,551,631,50,72,35,35,35,65,292,9,16
ワルビル,552,632,60,82,45,45,45,74,351,9,16
ワルビアル,553,633,95,117,80,65,70,92,519,9,16
ダルマッカ,554,634,70,90,45,15,45,50,315,2,0
ヒヒダルマ,555,635,105,140,55,30,55,95,480,2,0
ヒヒダルマ(ダルマモード),555,636,105,30,105,140,105,55,540,2,11
マラカッチ,556,637,75,86,67,106,67,60,461,5,0
イシズマイ,557,638,50,65,85,35,35,55,325,12,13
イワパレス,558,639,70,105,125,65,75,45,485,12,13
ズルッグ,559,640,50,75,70,35,70,48,348,16,7
ズルズキン,560,641,65,90,115,45,115,58,488,16,7
シンボラー,561,642,72,58,80,103,80,97,490,11,10
デスマス,562,643,38,30,85,55,65,30,303,14,0
デスカーン,563,644,58,50,145,95,105,30,483,14,0
プロトーガ,564,645,54,78,103,53,45,22,355,3,13
アバゴーラ,565,646,74,108,133,83,65,32,495,3,13
アーケン,566,647,55,112,45,74,45,70,401,13,10
アーケオス,567,648,75,140,65,112,65,110,567,13,10
ヤブクロン,568,649,50,50,62,40,62,65,329,8,0
ダストダス,569,650,80,95,82,60,82,75,474,8,0
ゾロア,570,651,40,65,40,80,40,65,330,16,0
ゾロアーク,571,652,60,105,60,120,60,105,510,16,0
チラーミィ,572,653,55,50,40,40,40,75,300,1,0
チラチーノ,573,654,75,95,60,65,60,115,470,1,0
ゴチム,574,655,45,30,50,55,65,45,290,11,0
ゴチミル,575,656,60,45,70,75,85,55,390,11,0
ゴチルゼル,576,657,70,55,95,95,110,65,490,11,0
ユニラン,577,658,45,30,40,105,50,20,290,11,0
ダブラン,578,659,65,40,50,125,60,30,370,11,0
ランクルス,579,660,110,65,75,125,85,30,490,11,0
コアルヒー,580,661,62,44,50,44,50,55,305,3,10
スワンナ,581,662,75,87,63,87,63,98,473,3,10
バニプッチ,582,663,36,50,50,65,60,44,305,6,0
バニリッチ,583,664,51,65,65,80,75,59,395,6,0
バイバニラ,584,665,71,95,85,110,95,79,535,6,0
シキジカ,585,666,60,60,50,40,50,75,335,1,5
メブキジカ,586,667,80,100,70,60,70,95,475,1,5
エモンガ,587,668,55,75,60,75,60,103,428,4,10
カブルモ,588,669,50,75,45,40,45,60,315,12,0
シュバルゴ,589,670,70,135,105,60,105,20,495,12,17
タマゲタケ,590,671,69,55,45,55,55,15,294,5,8
モロバレル,591,672,114,85,70,85,80,30,464,5,8
プルリル,592,673,55,40,50,65,85,40,335,3,14
ブルンゲル,593,674,100,60,70,85,105,60,480,3,14
ママンボウ,594,675,165,75,80,40,45,65,470,3,0
バチュル,595,676,50,47,50,57,50,65,319,12,4
デンチュラ,596,677,70,77,60,97,60,108,472,12,4
テッシード,597,678,44,50,91,24,86,10,305,5,17
ナットレイ,598,679,74,94,131,54,116,20,489,5,17
ギアル,599,680,40,55,70,45,60,30,300,17,0
ギギアル,600,681,60,80,95,70,85,50,440,17,0
ギギギアル,601,682,60,100,115,70,85,90,520,17,0
シビシラス,602,683,35,55,40,45,40,60,275,4,0
シビビール,603,684,65,85,70,75,70,40,405,4,0
シビルドン,604,685,85,115,80,105,80,50,515,4,0
リグレー,605,686,55,55,55,85,55,30,335,11,0
オーベム,606,687,75,75,75,125,95,40,485,11,0
ヒトモシ,607,688,50,30,55,65,55,20,275,14,2
ランプラー,608,689,60,40,60,95,60,55,370,14,2
シャンデラ,609,690,60,55,90,145,90,80,520,14,2
キバゴ,610,691,46,87,60,30,40,57,320,15,0
オノンド,611,692,66,117,70,40,50,67,410,15,0
オノノクス,612,693,76,147,90,60,70,97,540,15,0
クマシュン,613,694,55,70,40,60,40,40,305,6,0
ツンベアー,614,695,95,130,80,70,80,50,505,6,0
フリージオ,615,696,80,50,50,95,135,105,515,6,0
チョボマキ,616,697,50,40,85,40,65,25,305,12,0
アギルダー,617,698,80,70,40,100,60,145,495,12,0
マッギョ,618,699,109,66,84,81,99,32,471,9,4
コジョフー,619,700,45,85,50,55,50,65,350,7,0
コジョンド,620,701,65,125,60,95,60,105,510,7,0
クリムガン,621,702,77,120,90,60,90,48,485,15,0
ゴビット,622,703,59,74,50,35,50,35,303,9,14
ゴルーグ,623,704,89,124,80,55,80,55,483,9,14
コマタナ,624,705,45,85,70,40,40,60,340,16,17
キリキザン,625,706,65,125,100,60,70,70,490,16,17
バッフロン,626,707,95,110,95,40,95,55,490,1,0
ワシボン,627,708,70,83,50,37,50,60,350,1,10
ウォーグル,628,709,100,123,75,57,75,80,510,1,10
バルチャイ,629,710,70,55,75,45,65,60,370,16,10
バルジーナ,630,711,110,65,105,55,95,80,510,16,10
クイタラン,631,712,85,97,66,105,66,65,484,2,0
アイアント,632,713,58,109,112,48,48,109,484,12,17
モノズ,633,714,52,65,50,45,50,38,300,16,15
ジヘッド,634,715,72,85,70,65,70,58,420,16,15
サザンドラ,635,716,92,105,90,125,90,98,600,16,15
メラルバ,636,717,55,85,55,50,55,60,360,12,2
ウルガモス,637,718,85,60,65,135,105,100,550,12,2
コバルオン,638,719,91,90,129,90,72,108,580,17,7
テラキオン,639,720,91,129,90,72,90,108,580,13,7
ビリジオン,640,721,91,90,72,90,129,108,580,5,7
トルネロス,641,722,79,115,70,125,80,111,580,10,0
トルネロス(れいじゅうフォルム),641,723,79,100,80,110,90,121,580,10,0
ボルトロス,642,724,79,115,70,125,80,111,580,4,10
ボルトロス(れいじゅうフォルム),642,725,79,105,70,145,80,101,580,4,10
レシラム,643,726,100,120,100,150,120,90,680,15,2
ゼクロム,644,727,100,150,120,120,100,90,680,15,4
ランドロス,645,728,89,125,90,115,80,101,600,9,10
ランドロス(れいじゅうフォルム),645,729,89,145,90,105,80,91,600,9,10
キュレム,646,730,125,130,90,130,90,95,660,15,6
キュレム(ホワイトキュレム),646,731,125,120,90,170,100,95,700,15,6
キュレム(ブラックキュレム),646,732,125,170,100,120,90,95,700,15,6
ケルディオ,647,733,91,72,90,129,90,108,580,3,7
ケルディオ(かくごのすがた),647,734,91,72,90,129,90,108,580,3,7
メロエッタ,648,735,100,77,77,128,128,90,600,1,11
メロエッタ(ステップフォルム),648,736,100,128,90,77,77,128,600,1,7
ゲノセクト,649,737,71,120,95,120,95,99,600,12,17
ハリマロン,650,738,56,61,65,48,45,38,313,5,0
ハリボーグ,651,739,61,78,95,56,58,57,405,5,0
ブリガロン,652,740,88,107,122,74,75,64,530,5,7
フォッコ,653,741,40,45,40,62,60,60,307,2,0
テールナー,654,742,59,59,58,90,70,73,409,2,0
マフォクシー,655,743,75,69,72,114,100,104,534,2,11
ケロマツ,656,744,41,56,40,62,44,71,314,3,0
ゲコガシラ,657,745,54,63,52,83,56,97,405,3,0
ゲッコウガ,658,746,72,95,67,103,71,122,530,3,16
ゲッコウガ(サトシゲッコウガ),658,747,72,145,67,153,71,132,640,3,16
ホルビー,659,748,38,36,38,32,36,57,237,1,0
ホルード,660,749,85,56,77,50,77,78,423,1,9
ヤヤコマ,661,750,45,50,43,40,38,62,278,1,10
ヒノヤコマ,662,751,62,73,55,56,52,84,382,2,10
ファイアロー,663,752,78,81,71,74,69,126,499,2,10
コフキムシ,664,753,38,35,40,27,25,35,200,12,0
コフーライ,665,754,45,22,60,27,30,29,213,12,0
ビビヨン,666,755,80,52,50,90,50,89,411,12,10
シシコ,667,756,62,50,58,73,54,72,369,2,1
カエンジシ,668,757,86,68,72,109,66,106,507,2,1
フラベベ,669,758,44,38,39,61,79,42,303,18,0
フラエッテ,670,759,54,45,47,75,98,52,371,18,0
フラージェス,671,760,78,65,68,112,154,75,552,18,0
メェークル,672,761,66,65,48,62,57,52,350,5,0
ゴーゴート,673,762,123,100,62,97,81,68,531,5,0
ヤンチャム,674,763,67,82,62,46,48,43,348,7,0
ゴロンダ,675,764,95,124,78,69,71,58,495,7,16
トリミアン,676,765,75,80,60,65,90,102,472,1,0
ニャスパー,677,766,62,48,54,63,60,68,355,11,0
ニャオニクス,678,767,74,48,76,83,81,104,466,11,0
ニャオニクス(メスの姿),679,768,74,48,76,83,81,104,466,17,14
ヒトツキ,680,769,45,80,100,35,37,28,325,17,14
ニダンギル,681,770,59,110,150,45,49,35,448,17,14
ギルガルド,681,771,60,50,150,50,150,60,520,17,14
ギルガルド(ブレードフォルム),682,772,60,150,50,150,50,60,520,18,0
シュシュプ,683,773,78,52,60,63,65,23,341,18,0
フレフワン,684,774,101,72,72,99,89,29,462,18,0
ペロッパフ,685,775,62,48,66,59,57,49,341,18,0
ペロリーム,686,776,82,80,86,85,75,72,480,16,11
マーイーカ,687,777,53,54,53,37,46,45,288,16,11
カラマネロ,688,778,86,92,88,68,75,73,482,13,3
カメテテ,689,779,42,52,67,39,56,50,306,13,3
ガメノデス,690,780,72,105,115,54,86,68,500,8,3
クズモー,691,781,50,60,60,60,60,30,320,8,15
ドラミドロ,692,782,65,75,90,97,123,44,494,3,0
ウデッポウ,693,783,50,53,62,58,63,44,330,3,0
ブロスター,694,784,71,73,88,120,89,59,500,4,1
エリキテル,695,785,44,38,33,61,43,70,289,4,1
エレザード,696,786,62,55,52,109,94,109,481,13,15
チゴラス,697,787,58,89,77,45,45,48,362,13,15
ガチゴラス,698,788,82,121,119,69,59,71,521,13,6
アマルス,699,789,77,59,50,67,63,46,362,13,6
アマルルガ,700,790,123,77,72,99,92,58,521,18,0
ニンフィア,701,791,95,65,65,110,130,60,525,7,10
ルチャブル,702,792,78,92,75,74,63,118,500,4,18
デデンネ,703,793,67,58,57,81,67,101,431,13,18
メレシー,704,794,50,50,150,50,150,50,500,15,0
ヌメラ,705,795,45,50,35,55,75,40,300,15,0
ヌメイル,706,796,68,75,53,83,113,60,452,15,0
ヌメルゴン,707,797,90,100,70,110,150,80,600,17,18
クレッフィ,708,798,57,80,91,80,87,75,470,14,5
ボクレー,709,799,43,70,48,50,60,38,309,14,5
オーロット,710,800,85,110,76,65,82,56,474,14,5
バケッチャ,710,801,49,66,70,44,55,51,335,14,5
バケッチャ(ちいさいサイズ),710,802,44,66,70,44,55,56,335,14,5
バケッチャ(おおきいサイズ),710,803,54,66,70,44,55,46,335,14,5
バケッチャ(とくだいサイズ),711,804,59,66,70,44,55,41,335,14,5
パンプジン,711,805,65,90,122,58,75,84,494,14,5
パンプジン(ちいさいサイズ),711,806,55,85,122,58,75,99,494,14,5
パンプジン(おおきいサイズ),711,807,75,95,122,58,75,69,494,14,5
パンプジン(とくだいサイズ),712,808,85,100,122,58,75,54,494,6,0
カチコール,713,809,55,69,85,32,35,28,304,6,0
クレベース,714,810,95,117,184,44,46,28,514,10,15
オンバット,715,811,40,30,35,45,40,55,245,10,15
オンバーン,716,812,85,70,80,97,80,123,535,18,0
ゼルネアス,717,813,126,131,95,131,98,99,680,16,10
イベルタル,718,814,126,131,95,131,98,99,680,15,9
ジガルデ,718,815,108,100,121,81,95,95,600,15,9
ジガルデ(10%フォルム),718,816,54,100,71,61,85,115,486,15,9
ジガルデ(パーフェクトフォルム),719,817,216,100,121,91,95,85,708,13,18
ディアンシー,719,818,50,100,150,100,150,50,600,13,18
メガディアンシー,720,819,50,160,110,160,110,110,700,11,14
フーパ,720,820,80,110,60,150,130,70,600,11,16
フーパ(ときはなたれしフーパ),721,821,80,160,60,170,130,80,680,2,3
ボルケニオン,722,822,80,110,120,130,90,70,600,5,10
モクロー,723,823,68,55,55,50,50,42,320,5,10
フクスロー,724,824,78,75,75,70,70,52,420,5,14
ジュナイパー,725,825,78,107,75,100,100,70,530,2,0
ニャビー,726,826,45,65,40,60,40,70,320,2,0
ニャヒート,727,827,65,85,50,80,50,90,420,2,16
ガオガエン,728,828,95,115,90,80,90,60,530,3,0
アシマリ,729,829,50,54,54,66,56,40,320,3,0
オシャマリ,730,830,60,69,69,91,81,50,420,3,18
アシレーヌ,731,831,80,74,74,126,116,60,530,1,10
ツツケラ,732,832,35,75,30,30,30,65,265,1,10
ケララッパ,733,833,55,85,50,40,50,75,355,1,10
ドデカバシ,734,834,80,120,75,75,75,60,485,1,0
ヤングース,735,835,48,70,30,30,30,45,253,1,0
デカグース,736,836,88,110,60,55,60,45,418,12,0
アゴジムシ,737,837,47,62,45,55,45,46,300,12,4
デンヂムシ,738,838,57,82,95,55,75,36,400,12,4
クワガノン,739,839,77,70,90,145,75,43,500,7,0
マケンカニ,740,840,47,82,57,42,47,63,338,7,6
ケケンカニ,741,841,97,132,77,62,67,43,478,2,10
オドリドリ,741,842,75,70,70,98,70,93,476,4,10
オドリドリ(ぱちぱちスタイル),741,843,75,70,70,98,70,93,476,11,10
オドリドリ(ふらふらスタイル),741,844,75,70,70,98,70,93,476,14,10
オドリドリ(まいまいスタイル),742,845,75,70,70,98,70,93,476,12,18
アブリー,743,846,40,45,40,55,40,84,304,12,18
アブリボン,744,847,60,55,60,95,70,124,464,13,0
イワンコ,745,848,45,65,40,30,40,60,280,13,0
ルガルガン,745,849,75,115,65,55,65,112,487,13,0
ルガルガン(まよなかのすがた),745,850,85,115,75,55,75,82,487,13,0
ルガルガン(たそがれのすがた),746,851,75,117,65,55,65,110,487,3,0
ヨワシ,746,852,45,20,20,25,25,40,175,3,0
ヨワシ(むれたすがた),747,853,45,140,130,140,135,30,620,8,3
ヒドイデ,748,854,50,53,62,43,52,45,305,8,3
ドヒドイデ,749,855,50,63,152,53,142,35,495,9,0
ドロバンコ,750,856,70,100,70,45,55,45,385,9,0
バンバドロ,751,857,100,125,100,55,85,35,500,3,12
シズクモ,752,858,38,40,52,40,72,27,269,3,12
オニシズクモ,753,859,68,70,92,50,132,42,454,5,0
カリキリ,754,860,40,55,35,50,35,35,250,5,0
ラランテス,755,861,70,105,90,80,90,45,480,5,18
ネマシュ,756,862,40,35,55,65,75,15,285,5,18
マシェード,757,863,60,45,80,90,100,30,405,8,2
ヤトウモリ,758,864,48,44,40,71,40,77,320,8,2
エンニュート,759,865,68,64,60,111,60,117,480,1,7
ヌイコグマ,760,866,70,75,50,45,50,50,340,1,7
キテルグマ,761,867,120,125,80,55,60,60,500,5,0
アマカジ,762,868,42,30,38,30,38,32,210,5,0
アママイコ,763,869,52,40,48,40,48,62,290,5,0
アマージョ,764,870,72,120,98,50,98,72,510,18,0
キュワワー,765,871,51,52,90,82,110,100,485,1,11
ヤレユータン,766,872,90,60,80,90,110,60,490,7,0
ナゲツケサル,767,873,100,120,90,40,60,80,490,12,3
コソクムシ,768,874,25,35,40,20,30,80,230,12,3
グソクムシャ,769,875,75,125,140,60,90,40,530,14,9
スナバァ,770,876,55,55,80,70,45,15,320,14,9
シロデスナ,771,877,85,75,110,100,75,35,480,3,0
ナマコブシ,772,878,55,60,130,30,130,5,410,1,0
タイプ：ヌル,773,879,95,95,95,95,95,59,534,1,0
シルヴァディ,774,880,95,95,95,95,95,95,570,13,10
メテノ,774,881,60,60,100,60,100,60,440,13,10
メテノ(コア),775,882,60,100,60,100,60,120,500,1,0
ネッコアラ,776,883,65,115,65,75,95,65,480,2,15
バクガメス,777,884,60,78,135,91,85,36,485,4,17
トゲデマル,778,885,65,98,63,40,73,96,435,14,18
ミミッキュ,779,886,55,90,80,50,105,96,476,3,11
ハギギシリ,780,887,68,105,70,70,70,92,475,1,15
ジジーロン,781,888,78,60,85,135,91,36,485,14,5
ダダリン,782,889,70,131,100,86,90,40,517,15,0
ジャラコ,783,890,45,55,65,45,45,45,300,15,7
ジャランゴ,784,891,55,75,90,65,70,65,420,15,7
ジャラランガ,785,892,75,110,125,100,105,85,600,4,18
カプ・コケコ,786,893,70,115,85,95,75,130,570,11,18
カプ・テテフ,787,894,70,85,75,130,115,95,570,5,18
カプ・ブルル,788,895,70,130,115,85,95,75,570,3,18
カプ・レヒレ,789,896,70,75,115,95,130,85,570,11,0
コスモッグ,790,897,43,29,31,29,31,37,200,11,0
コスモウム,791,898,43,29,131,29,131,37,400,11,17
ソルガレオ,792,899,137,137,107,113,89,97,680,11,14
ルナアーラ,793,900,137,113,89,137,107,97,680,13,8
ウツロイド,794,901,109,53,47,127,131,103,570,12,7
マッシブーン,795,902,107,139,139,53,53,79,570,12,7
フェローチェ,796,903,71,137,37,137,37,151,570,4,0
デンジュモク,797,904,83,89,71,173,71,83,570,17,10
テッカグヤ,798,905,97,101,103,107,101,61,570,5,17
カミツルギ,799,906,59,181,131,59,31,109,570,16,15
アクジキング,800,907,223,101,53,97,53,43,570,11,0
ネクロズマ,800,908,97,107,101,127,89,79,600,11,17
ネクロズマ(たそがれのたてがみ(日食)),800,909,97,157,127,113,109,77,680,11,14
ネクロズマ(あかつきのつばさ(月食)),800,910,97,113,109,157,127,77,680,11,15
ネクロズマ(ウルトラネクロズマ),801,911,97,167,97,167,97,129,754,17,18
マギアナ,802,912,80,95,115,130,115,65,600,7,14
マーシャドー,803,913,90,125,80,90,90,125,600,8,0
ベベノム,804,914,67,73,67,73,67,73,420,8,15
アーゴヨン,805,915,73,73,73,127,73,121,540,13,17
ツンデツンデ,806,916,61,131,211,53,101,13,570,2,14
ズガドーン,807,917,53,127,53,151,79,107,570,4,0
